variable,cluster_1,cluster_2,test,statistic,p_value,effect_size,median_1,median_2,median_diff,mean_1,mean_2,n_1,n_2,p_adj_fdr
t2m_pre_mean_rr,0,1,mannwhitneyu,2883.0,0.0723856980987523,0.1774555850520727,869.0,842.0,27.0,850.4698795180723,826.2203389830509,83,59,0.15200996600737984
t2m_pre_mean_rr,0,2,mannwhitneyu,4767.0,0.08395978258675157,0.14867469879518072,869.0,827.5,41.5,850.4698795180723,822.7560000000001,83,100,0.16028685766561662
t2m_pre_mean_rr,0,3,mannwhitneyu,4176.0,0.7883111888619649,-0.023043630834015675,869.0,862.0,7.0,850.4698795180723,858.2718446601941,83,103,0.8712913140053297
t2m_pre_mean_rr,0,4,mannwhitneyu,1862.5,0.32469603234922884,-0.10240963855421686,869.0,898.5,-29.5,850.4698795180723,874.304,83,50,0.4545744452889204
t2m_pre_mean_rr,0,5,mannwhitneyu,3122.5,0.973611354898348,0.00321285140562249,869.0,854.0,15.0,850.4698795180723,869.7866666666666,83,75,0.973611354898348
t2m_pre_mean_rr,0,6,mannwhitneyu,3120.5,0.009960801785095829,0.2532128514056225,869.0,802.5,66.5,850.4698795180723,799.1333333333333,83,60,0.0348628062478354
t2m_pre_mean_rr,1,2,mannwhitneyu,2802.0,0.5989443592000466,-0.05016949152542373,842.0,827.5,14.5,826.2203389830509,822.7560000000001,59,100,0.6987684190667212
t2m_pre_mean_rr,1,3,mannwhitneyu,2452.5,0.04155335982892201,-0.19285831824913607,842.0,862.0,-20.0,826.2203389830509,858.2718446601941,59,103,0.12466007948676604
t2m_pre_mean_rr,1,4,mannwhitneyu,1043.5,0.008757927471033542,-0.2925423728813559,842.0,898.5,-56.5,826.2203389830509,874.304,59,50,0.0348628062478354
t2m_pre_mean_rr,1,5,mannwhitneyu,1783.0,0.054492204162506885,-0.19412429378531074,842.0,854.0,-12.0,826.2203389830509,869.7866666666666,59,75,0.14304203592658057
t2m_pre_mean_rr,1,6,mannwhitneyu,1929.0,0.3995212913940822,0.08983050847457627,842.0,802.5,39.5,826.2203389830509,799.1333333333333,59,60,0.5243716949547329
t2m_pre_mean_rr,2,3,mannwhitneyu,4385.0,0.0676955845036788,-0.14854368932038836,827.5,862.0,-34.5,822.7560000000001,858.2718446601941,100,103,0.15200996600737984
t2m_pre_mean_rr,2,4,mannwhitneyu,1804.0,0.005556407834404148,-0.2784,827.5,898.5,-71.0,822.7560000000001,874.304,100,50,0.029171141130621782
t2m_pre_mean_rr,2,5,mannwhitneyu,3193.5,0.09364879650506783,-0.1484,827.5,854.0,-26.5,822.7560000000001,869.7866666666666,100,75,0.16388539388386872
t2m_pre_mean_rr,2,6,mannwhitneyu,3434.5,0.1260941975981733,0.14483333333333334,827.5,802.5,25.0,822.7560000000001,799.1333333333333,100,60,0.20369062688935688
t2m_pre_mean_rr,3,4,mannwhitneyu,2400.5,0.4984901406320863,-0.06776699029126214,862.0,898.5,-36.5,858.2718446601941,874.304,103,50,0.6157819384278713
t2m_pre_mean_rr,3,5,mannwhitneyu,3934.5,0.8331715471934518,0.018640776699029128,862.0,854.0,8.0,858.2718446601941,869.7866666666666,103,75,0.8748301245531244
t2m_pre_mean_rr,3,6,mannwhitneyu,3929.0,0.003910649095204072,0.2715210355987055,862.0,802.5,59.5,858.2718446601941,799.1333333333333,103,60,0.029171141130621782
t2m_pre_mean_rr,4,5,mannwhitneyu,2092.0,0.27520999522576206,0.11573333333333333,898.5,854.0,44.5,874.304,869.7866666666666,50,75,0.4128149928386431
t2m_pre_mean_rr,4,6,mannwhitneyu,2065.0,0.0007018506427612637,0.37666666666666665,898.5,802.5,96.0,874.304,799.1333333333333,50,60,0.014738863497986537
t2m_pre_mean_rr,5,6,mannwhitneyu,2888.5,0.004725552938721839,0.2837777777777778,854.0,802.5,51.5,869.7866666666666,799.1333333333333,75,60,0.029171141130621782
t2m_pre_mean_hr,0,1,mannwhitneyu,1850.5,0.013309318040041773,-0.2442311619358791,68.0,71.0,-3.0,69.3132530120482,74.28813559322033,83,59,0.03992795412012532
t2m_pre_mean_hr,0,2,mannwhitneyu,3423.0,0.04156999354219507,-0.17518072289156628,68.0,72.0,-4.0,69.3132530120482,72.25,83,100,0.09699665159845518
t2m_pre_mean_hr,0,3,mannwhitneyu,4227.5,0.8985637927870306,-0.010995438062931337,68.0,69.0,-1.0,69.3132530120482,69.87378640776699,83,103,0.8985637927870306
t2m_pre_mean_hr,0,4,mannwhitneyu,2147.5,0.5925606235422775,0.056060978608310795,68.0,67.0,1.0,69.3132530120482,68.95918367346938,83,49,0.6221886547193913
t2m_pre_mean_hr,0,5,mannwhitneyu,2891.0,0.4412495150513033,-0.07116465863453815,68.0,70.0,-2.0,69.3132530120482,70.16,83,75,0.5698911795439815
t2m_pre_mean_hr,0,6,mannwhitneyu,1707.0,0.0013605256708464338,-0.3144578313253012,68.0,74.5,-6.5,69.3132530120482,75.65,83,60,0.009969356725161936
t2m_pre_mean_hr,1,2,mannwhitneyu,3217.0,0.3416788040039317,0.09050847457627119,71.0,72.0,-1.0,74.28813559322033,72.25,59,100,0.47835032560550433
t2m_pre_mean_hr,1,3,mannwhitneyu,3713.0,0.01892083761452135,0.2219845318413691,71.0,69.0,2.0,74.28813559322033,69.87378640776699,59,103,0.04966719873811855
t2m_pre_mean_hr,1,4,mannwhitneyu,1899.5,0.00507184568719643,0.3140781736423383,71.0,67.0,4.0,74.28813559322033,68.95918367346938,59,49,0.02407489662180902
t2m_pre_mean_hr,1,5,mannwhitneyu,2641.5,0.05460152687766316,0.19389830508474576,71.0,70.0,1.0,74.28813559322033,70.16,59,75,0.10758920747692317
t2m_pre_mean_hr,1,6,mannwhitneyu,1631.0,0.4613404786784612,-0.07853107344632769,71.0,74.5,-3.5,74.28813559322033,75.65,59,60,0.5698911795439815
t2m_pre_mean_hr,2,3,mannwhitneyu,5906.0,0.07082875710993103,0.14679611650485436,72.0,69.0,3.0,72.25,69.87378640776699,100,103,0.1239503249423793
t2m_pre_mean_hr,2,4,mannwhitneyu,3103.5,0.008263335145175453,0.266734693877551,72.0,67.0,5.0,72.25,68.95918367346938,100,49,0.028921673008114088
t2m_pre_mean_hr,2,5,mannwhitneyu,4147.5,0.23093466151000597,0.106,72.0,70.0,2.0,72.25,70.16,100,75,0.34640199226500895
t2m_pre_mean_hr,2,6,mannwhitneyu,2458.5,0.05635625153553119,-0.1805,72.0,74.5,-2.5,72.25,75.65,100,60,0.10758920747692317
t2m_pre_mean_hr,3,4,mannwhitneyu,2682.5,0.5318012847577285,0.06300772736278977,69.0,67.0,2.0,69.87378640776699,68.95918367346938,103,49,0.610734114205563
t2m_pre_mean_hr,3,5,mannwhitneyu,3660.5,0.5525689604716999,-0.052297734627831716,69.0,70.0,-1.0,69.87378640776699,70.16,103,75,0.610734114205563
t2m_pre_mean_hr,3,6,mannwhitneyu,2163.0,0.0014241938178802766,-0.3,69.0,74.5,-5.5,69.87378640776699,75.65,103,60,0.009969356725161936
t2m_pre_mean_hr,4,5,mannwhitneyu,1580.5,0.18923566702838213,-0.13986394557823129,67.0,70.0,-3.0,68.95918367346938,70.16,49,75,0.3056883851996942
t2m_pre_mean_hr,4,6,mannwhitneyu,899.5,0.0005099915154468209,-0.3880952380952381,67.0,74.5,-7.5,68.95918367346938,75.65,49,60,0.009969356725161936
t2m_pre_mean_hr,5,6,mannwhitneyu,1626.0,0.005732118243287862,-0.2773333333333333,70.0,74.5,-4.5,70.16,75.65,75,60,0.02407489662180902
t2m_pre_sdnn,0,1,mannwhitneyu,4626.0,4.673322670306875e-22,0.9601694915254237,204.5,10.3,194.2,201.54874999999998,20.835593220338982,80,59,3.271325869214813e-21
t2m_pre_sdnn,0,2,mannwhitneyu,4368.5,0.15031263606001524,0.1259020618556701,204.5,186.0,18.5,201.54874999999998,186.70103092783506,80,97,0.15782826786301601
t2m_pre_sdnn,0,3,mannwhitneyu,5050.5,0.00250444672644503,0.262625,204.5,157.0,47.5,201.54874999999998,158.97899999999998,80,100,0.003287086328459102
t2m_pre_sdnn,0,4,mannwhitneyu,3953.5,9.053854629061596e-21,0.97675,204.5,16.0,188.5,201.54874999999998,18.948,80,50,3.600015786459379e-20
t2m_pre_sdnn,0,5,mannwhitneyu,3658.0,0.011653121875141299,0.23581081081081082,204.5,170.0,34.5,201.54874999999998,165.07567567567568,80,74,0.01439503290458631
t2m_pre_sdnn,0,6,mannwhitneyu,3918.5,3.1440682746521756e-11,0.6603813559322034,204.5,96.0,108.5,201.54874999999998,102.03389830508475,80,59,5.502119480641307e-11
t2m_pre_sdnn,1,2,mannwhitneyu,78.0,2.6635272892798066e-24,-0.9727415691071116,10.3,186.0,-175.7,20.835593220338982,186.70103092783506,59,97,5.593407307487594e-23
t2m_pre_sdnn,1,3,mannwhitneyu,332.0,1.028575938988394e-20,-0.8874576271186441,10.3,157.0,-146.7,20.835593220338982,158.97899999999998,59,100,3.600015786459379e-20
t2m_pre_sdnn,1,4,mannwhitneyu,949.0,0.0013913426076698685,-0.3566101694915254,10.3,16.0,-5.699999999999999,20.835593220338982,18.948,59,50,0.0019478796507378159
t2m_pre_sdnn,1,5,mannwhitneyu,109.0,5.89798064269834e-21,-0.9500687127805771,10.3,170.0,-159.7,20.835593220338982,165.07567567567568,59,74,3.0964398374166286e-20
t2m_pre_sdnn,1,6,mannwhitneyu,162.5,2.0338699864671763e-17,-0.9066360241309969,10.3,96.0,-85.7,20.835593220338982,102.03389830508475,59,59,4.27112697158107e-17
t2m_pre_sdnn,2,3,mannwhitneyu,5756.0,0.023603991343676127,0.1868041237113402,186.0,157.0,29.0,186.70103092783506,158.97899999999998,97,100,0.027537989900955483
t2m_pre_sdnn,2,4,mannwhitneyu,4828.0,8.9019825831152e-23,0.9909278350515464,186.0,16.0,170.0,186.70103092783506,18.948,97,50,9.34708171227096e-22
t2m_pre_sdnn,2,5,mannwhitneyu,4114.0,0.101982812492502,0.14628030091947616,186.0,170.0,16.0,186.70103092783506,165.07567567567568,97,74,0.11271784538644958
t2m_pre_sdnn,2,6,mannwhitneyu,5017.5,3.3332129295020117e-15,0.7534509872444523,186.0,96.0,90.0,186.70103092783506,102.03389830508475,97,59,6.363406501776567e-15
t2m_pre_sdnn,3,4,mannwhitneyu,4660.0,7.323613398892036e-18,0.864,157.0,16.0,141.0,158.97899999999998,18.948,100,50,1.7088431264081416e-17
t2m_pre_sdnn,3,5,mannwhitneyu,3486.0,0.515729888010702,-0.05783783783783784,157.0,170.0,-13.0,158.97899999999998,165.07567567567568,100,74,0.515729888010702
t2m_pre_sdnn,3,6,mannwhitneyu,4573.5,7.169066126822195e-09,0.5503389830508475,157.0,96.0,61.0,158.97899999999998,102.03389830508475,100,59,1.0753599190233293e-08
t2m_pre_sdnn,4,5,mannwhitneyu,69.0,1.1904363649547687e-19,-0.9627027027027028,16.0,170.0,-154.0,18.948,165.07567567567568,50,74,3.571309094864306e-19
t2m_pre_sdnn,4,6,mannwhitneyu,58.5,7.203646359460638e-18,-0.9603389830508474,16.0,96.0,-80.0,18.948,102.03389830508475,50,59,1.7088431264081416e-17
t2m_pre_sdnn,5,6,mannwhitneyu,3591.0,1.8308882216179838e-10,0.6449839670178653,170.0,96.0,74.0,165.07567567567568,102.03389830508475,74,59,2.9575886656905893e-10
t2m_pre_rmssd,0,1,mannwhitneyu,3512.0,5.173786449120227e-08,0.5461149020471054,14.6,9.3,5.299999999999999,16.385714285714283,9.628813559322037,77,59,1.0864951543152477e-07
t2m_pre_rmssd,0,2,mannwhitneyu,3473.5,0.31415132969423865,-0.08867899776990686,14.6,15.6,-1.0,16.385714285714283,18.73939393939394,77,99,0.4398118615719341
t2m_pre_rmssd,0,3,mannwhitneyu,3790.0,0.6908446964003807,-0.034886681945505475,14.6,15.850000000000001,-1.2500000000000018,16.385714285714283,16.647058823529413,77,102,0.7635651907583155
t2m_pre_rmssd,0,4,mannwhitneyu,1984.0,0.7728100019556656,0.03064935064935065,14.6,15.0,-0.40000000000000036,16.385714285714283,14.981999999999998,77,50,0.7874280382756735
t2m_pre_rmssd,0,5,mannwhitneyu,3045.5,0.561602955632075,0.05471861471861472,14.6,15.1,-0.5,16.385714285714283,15.294666666666668,77,75,0.6552034482374208
t2m_pre_rmssd,0,6,mannwhitneyu,3677.5,3.0100451322634515e-09,0.591991341991342,14.6,8.15,6.449999999999999,16.385714285714283,8.958333333333332,77,60,9.030135396790355e-09
t2m_pre_rmssd,1,2,mannwhitneyu,978.5,2.9658430982951864e-12,-0.664954631056326,9.3,15.6,-6.299999999999999,9.628813559322037,18.73939393939394,59,99,2.0760901688066306e-11
t2m_pre_rmssd,1,3,mannwhitneyu,1037.5,4.660342637725516e-12,-0.655201063476238,9.3,15.850000000000001,-6.550000000000001,9.628813559322037,16.647058823529413,59,102,2.4466798848058962e-11
t2m_pre_rmssd,1,4,mannwhitneyu,573.0,4.178068190683248e-08,-0.6115254237288136,9.3,15.0,-5.699999999999999,9.628813559322037,14.981999999999998,59,50,9.748825778260912e-08
t2m_pre_rmssd,1,5,mannwhitneyu,980.0,3.3453673727525394e-08,-0.5570621468926553,9.3,15.1,-5.799999999999999,9.628813559322037,15.294666666666668,59,75,8.781589353475417e-08
t2m_pre_rmssd,1,6,mannwhitneyu,1971.5,0.2852809384350298,0.11384180790960452,9.3,8.15,1.1500000000000004,9.628813559322037,8.958333333333332,59,60,0.42792140765254466
t2m_pre_rmssd,2,3,mannwhitneyu,5346.5,0.4712775450486141,0.058922558922558925,15.6,15.850000000000001,-0.2500000000000018,18.73939393939394,16.647058823529413,99,102,0.5821663791776998
t2m_pre_rmssd,2,4,mannwhitneyu,2808.0,0.18129039763995924,0.13454545454545455,15.6,15.0,0.5999999999999996,18.73939393939394,14.981999999999998,99,50,0.31503045578944405
t2m_pre_rmssd,2,5,mannwhitneyu,4286.0,0.08161176449511347,0.15447811447811446,15.6,15.1,0.5,18.73939393939394,15.294666666666668,99,75,0.15580427767248933
t2m_pre_rmssd,2,6,mannwhitneyu,5094.5,4.424768244816909e-14,0.7153198653198654,15.6,8.15,7.449999999999999,18.73939393939394,8.958333333333332,99,60,9.29201331411551e-13
t2m_pre_rmssd,3,4,mannwhitneyu,2785.5,0.3567059683161311,0.09235294117647058,15.850000000000001,15.0,0.8500000000000014,16.647058823529413,14.981999999999998,102,50,0.4681765834149221
t2m_pre_rmssd,3,5,mannwhitneyu,4262.0,0.19501885358394155,0.1142483660130719,15.850000000000001,15.1,0.7500000000000018,16.647058823529413,15.294666666666668,102,75,0.31503045578944405
t2m_pre_rmssd,3,6,mannwhitneyu,5192.0,1.4336960756739822e-13,0.6967320261437908,15.850000000000001,8.15,7.700000000000001,16.647058823529413,8.958333333333332,102,60,1.5053808794576813e-12
t2m_pre_rmssd,4,5,mannwhitneyu,1929.0,0.7874280382756735,0.0288,15.0,15.1,-0.09999999999999964,14.981999999999998,15.294666666666668,50,75,0.7874280382756735
t2m_pre_rmssd,4,6,mannwhitneyu,2492.5,2.5867957343202796e-09,0.6616666666666666,15.0,8.15,6.85,14.981999999999998,8.958333333333332,50,60,9.030135396790355e-09
t2m_pre_rmssd,5,6,mannwhitneyu,3641.0,7.373413932648122e-10,0.6182222222222222,15.1,8.15,6.949999999999999,15.294666666666668,8.958333333333332,75,60,3.0968338517122117e-09
t2m_pre_hf,0,1,mannwhitneyu,4635.5,1.4087946453321056e-19,0.8931999183173371,844.0,35.0,809.0,1756.012048192771,91.52542372881356,83,59,1.479234377598711e-18
t2m_pre_hf,0,2,mannwhitneyu,7217.5,8.15970730999745e-18,0.7391566265060241,844.0,124.5,719.5,1756.012048192771,270.8,83,100,3.4270770701989296e-17
t2m_pre_hf,0,3,mannwhitneyu,7490.5,1.2535803982686736e-18,0.7523686980933443,844.0,114.0,730.0,1756.012048192771,230.02912621359224,83,103,8.775062787880715e-18
t2m_pre_hf,0,4,mannwhitneyu,3581.5,2.634110120499278e-12,0.7260240963855422,844.0,64.5,779.5,1756.012048192771,223.06,83,50,6.914539066310605e-12
t2m_pre_hf,0,5,mannwhitneyu,5613.5,3.1259644720589182e-18,0.8035341365461848,844.0,88.0,756.0,1756.012048192771,166.57333333333332,83,75,1.641131347830932e-17
t2m_pre_hf,0,6,mannwhitneyu,4918.0,3.065111472788194e-23,0.9751004016064257,844.0,20.5,823.5,1756.012048192771,37.0,83,60,6.436734092855209e-22
t2m_pre_hf,1,2,mannwhitneyu,1330.5,7.806092397906591e-09,-0.5489830508474576,35.0,124.5,-89.5,91.52542372881356,270.8,59,100,1.6392794035603843e-08
t2m_pre_hf,1,3,mannwhitneyu,1687.0,2.569548776838389e-06,-0.444791838077999,35.0,114.0,-79.0,91.52542372881356,230.02912621359224,59,103,4.905502210327833e-06
t2m_pre_hf,1,4,mannwhitneyu,1159.0,0.05498194429401993,-0.21423728813559323,35.0,64.5,-29.5,91.52542372881356,223.06,59,50,0.07216380188590116
t2m_pre_hf,1,5,mannwhitneyu,1289.5,3.548719194716286e-05,-0.41717514124293786,35.0,88.0,-53.0,91.52542372881356,166.57333333333332,59,75,6.210258590753501e-05
t2m_pre_hf,1,6,mannwhitneyu,2201.5,0.021940989278280466,0.24378531073446327,35.0,20.5,14.5,91.52542372881356,37.0,59,60,0.0329114839174207
t2m_pre_hf,2,3,mannwhitneyu,5565.5,0.32130663910588975,0.08067961165048544,124.5,114.0,10.5,270.8,230.02912621359224,100,103,0.35512839059072027
t2m_pre_hf,2,4,mannwhitneyu,3010.5,0.04202343115250748,0.2042,124.5,64.5,60.0,270.8,223.06,100,50,0.05883280361351047
t2m_pre_hf,2,5,mannwhitneyu,4375.5,0.05949285255245927,0.1668,124.5,88.0,36.5,270.8,166.57333333333332,100,75,0.07349117080009675
t2m_pre_hf,2,6,mannwhitneyu,5309.0,4.057469749316087e-16,0.7696666666666667,124.5,20.5,104.0,270.8,37.0,100,60,1.4201144122606305e-15
t2m_pre_hf,3,4,mannwhitneyu,2934.5,0.16256734049469146,0.1396116504854369,114.0,64.5,49.5,230.02912621359224,223.06,103,50,0.18966189724380672
t2m_pre_hf,3,5,mannwhitneyu,4138.5,0.417009820276088,0.07145631067961165,114.0,88.0,26.0,230.02912621359224,166.57333333333332,103,75,0.417009820276088
t2m_pre_hf,3,6,mannwhitneyu,5146.0,1.5140506107683771e-12,0.6653721682847896,114.0,20.5,93.5,230.02912621359224,37.0,103,60,4.542151832305132e-12
t2m_pre_hf,4,5,mannwhitneyu,1705.5,0.3943626994244147,-0.0904,64.5,88.0,-23.5,223.06,166.57333333333332,50,75,0.4140808343956355
t2m_pre_hf,4,6,mannwhitneyu,2121.5,0.00019259476612579066,0.41433333333333333,64.5,20.5,44.0,223.06,37.0,50,60,0.0003111146222032003
t2m_pre_hf,5,6,mannwhitneyu,3701.0,1.3300340881707762e-10,0.6448888888888888,88.0,20.5,67.5,166.57333333333332,37.0,75,60,3.103412872398478e-10
t2m_pre_lf,0,1,mannwhitneyu,4753.5,1.4277733869542768e-21,0.9413926894016745,1240.0,49.0,1191.0,2110.9397590361446,126.23728813559322,83,59,5.996648225207963e-21
t2m_pre_lf,0,2,mannwhitneyu,7898.0,8.208041704873212e-26,0.9031325301204819,1240.0,157.0,1083.0,2110.9397590361446,193.17,83,100,8.618443790116872e-25
t2m_pre_lf,0,3,mannwhitneyu,8258.0,1.0028003306457084e-27,0.931921862206106,1240.0,105.0,1135.0,2110.9397590361446,153.0873786407767,83,103,2.105880694355988e-26
t2m_pre_lf,0,4,mannwhitneyu,4091.5,7.584035583898188e-21,0.9718072289156626,1240.0,88.5,1151.5,2110.9397590361446,105.74,83,50,2.6544124543643656e-20
t2m_pre_lf,0,5,mannwhitneyu,5935.5,8.537614840383729e-23,0.9069879518072289,1240.0,121.0,1119.0,2110.9397590361446,188.89333333333335,83,75,4.482247791201458e-22
t2m_pre_lf,0,6,mannwhitneyu,4975.0,2.881743755294544e-24,0.9979919678714859,1240.0,35.5,1204.5,2110.9397590361446,47.983333333333334,83,60,2.0172206287061808e-23
t2m_pre_lf,1,2,mannwhitneyu,1586.5,1.1749851456526664e-06,-0.46220338983050846,49.0,157.0,-108.0,126.23728813559322,193.17,59,100,2.4674688058705994e-06
t2m_pre_lf,1,3,mannwhitneyu,2246.0,0.005835891282084652,-0.2608194832976798,49.0,105.0,-56.0,126.23728813559322,153.0873786407767,59,103,0.007209042171986923
t2m_pre_lf,1,4,mannwhitneyu,1273.0,0.22036405824506744,-0.1369491525423729,49.0,88.5,-39.5,126.23728813559322,105.74,59,50,0.22036405824506744
t2m_pre_lf,1,5,mannwhitneyu,1372.5,0.00016797769509593877,-0.37966101694915255,49.0,121.0,-72.0,126.23728813559322,188.89333333333335,59,75,0.00027134858438574724
t2m_pre_lf,1,6,mannwhitneyu,2300.5,0.004839304044743905,0.29971751412429376,49.0,35.5,13.5,126.23728813559322,47.983333333333334,59,60,0.006351586558726375
t2m_pre_lf,2,3,mannwhitneyu,6486.5,0.001408784203783559,0.2595145631067961,157.0,105.0,52.0,193.17,153.0873786407767,100,103,0.002113176305675339
t2m_pre_lf,2,4,mannwhitneyu,3608.5,9.984707282084604e-06,0.4434,157.0,88.5,68.5,193.17,105.74,100,50,1.7473237743648058e-05
t2m_pre_lf,2,5,mannwhitneyu,4221.0,0.15600392223548398,0.1256,157.0,121.0,36.0,193.17,188.89333333333335,100,75,0.1638041183472582
t2m_pre_lf,2,6,mannwhitneyu,5328.0,2.3301368519278004e-16,0.776,157.0,35.5,121.5,193.17,47.983333333333334,100,60,6.990410555783402e-16
t2m_pre_lf,3,4,mannwhitneyu,3027.5,0.0786838695566493,0.17572815533980582,105.0,88.5,16.5,153.0873786407767,105.74,103,50,0.09179784781609085
t2m_pre_lf,3,5,mannwhitneyu,3339.5,0.12373261342045715,-0.13540453074433656,105.0,121.0,-16.0,153.0873786407767,188.89333333333335,103,75,0.13675709904366315
t2m_pre_lf,3,6,mannwhitneyu,4983.5,7.313234253968499e-11,0.6127831715210356,105.0,35.5,69.5,153.0873786407767,47.983333333333334,103,60,1.7064213259259832e-10
t2m_pre_lf,4,5,mannwhitneyu,1272.0,0.0023922637970003194,-0.3216,88.5,121.0,-32.5,105.74,188.89333333333335,50,75,0.003349169315800447
t2m_pre_lf,4,6,mannwhitneyu,2298.0,1.6825350755225982e-06,0.532,88.5,35.5,53.0,105.74,47.983333333333334,50,60,3.2121124169067783e-06
t2m_pre_lf,5,6,mannwhitneyu,3852.0,1.3206146085736612e-12,0.712,121.0,35.5,85.5,188.89333333333335,47.983333333333334,75,60,3.466613347505861e-12
t2m_pre_vlf,0,1,mannwhitneyu,4726.5,4.139079988944231e-21,0.9303655299162753,275.0,17.0,258.0,476.06024096385545,37.644067796610166,83,59,1.7384135953565772e-20
t2m_pre_vlf,0,2,mannwhitneyu,8006.5,3.0962182865619924e-27,0.9292771084337349,275.0,31.5,243.5,476.06024096385545,45.68,83,100,3.2510292008900924e-26
t2m_pre_vlf,0,3,mannwhitneyu,8307.5,2.219622222701545e-28,0.943502163995789,275.0,28.0,247.0,476.06024096385545,39.0,83,103,4.661206667673245e-27
t2m_pre_vlf,0,4,mannwhitneyu,3649.0,2.6721314128691834e-13,0.7585542168674699,275.0,26.5,248.5,476.06024096385545,125.38,83,50,9.352459945042142e-13
t2m_pre_vlf,0,5,mannwhitneyu,5958.5,3.810057990833889e-23,0.9143775100401607,275.0,31.0,244.0,476.06024096385545,47.653333333333336,83,75,2.0002804451877918e-22
t2m_pre_vlf,0,6,mannwhitneyu,4969.5,3.5571467368888034e-24,0.9957831325301205,275.0,9.0,266.0,476.06024096385545,15.783333333333333,83,60,2.4900027158221626e-23
t2m_pre_vlf,1,2,mannwhitneyu,1944.0,0.0003359928931528766,-0.3410169491525424,17.0,31.5,-14.5,37.644067796610166,45.68,59,100,0.0006414409778373099
t2m_pre_vlf,1,3,mannwhitneyu,2344.5,0.015751242406056166,-0.2284021721244035,17.0,28.0,-11.0,37.644067796610166,39.0,59,103,0.02362686360908425
t2m_pre_vlf,1,4,mannwhitneyu,1179.0,0.07213753272633971,-0.20067796610169492,17.0,26.5,-9.5,37.644067796610166,125.38,59,50,0.0953469245849761
t2m_pre_vlf,1,5,mannwhitneyu,1597.0,0.005828500958146231,-0.2781920903954802,17.0,31.0,-14.0,37.644067796610166,47.653333333333336,59,75,0.010199876676755905
t2m_pre_vlf,1,6,mannwhitneyu,2233.5,0.013723945234461122,0.261864406779661,17.0,9.0,8.0,37.644067796610166,15.783333333333333,59,60,0.022169449994129505
t2m_pre_vlf,2,3,mannwhitneyu,5901.5,0.0726452758742675,0.14592233009708738,31.5,28.0,3.5,45.68,39.0,100,103,0.0953469245849761
t2m_pre_vlf,2,4,mannwhitneyu,2779.0,0.26677188444353417,0.1116,31.5,26.5,5.0,45.68,125.38,100,50,0.3295417396067187
t2m_pre_vlf,2,5,mannwhitneyu,4019.0,0.4180978505447528,0.07173333333333333,31.5,31.0,0.5,45.68,47.653333333333336,100,75,0.4621081506020952
t2m_pre_vlf,2,6,mannwhitneyu,4823.0,1.311748825000856e-10,0.6076666666666667,31.5,9.0,22.5,45.68,15.783333333333333,100,60,3.935246475002568e-10
t2m_pre_vlf,3,4,mannwhitneyu,2563.5,0.9658604194188125,-0.004466019417475728,28.0,26.5,1.5,39.0,125.38,103,50,0.9658604194188125
t2m_pre_vlf,3,5,mannwhitneyu,3587.0,0.4177614117546823,-0.07132686084142395,28.0,31.0,-3.0,39.0,47.653333333333336,103,75,0.4621081506020952
t2m_pre_vlf,3,6,mannwhitneyu,4668.5,5.566760258376154e-08,0.5108414239482201,28.0,9.0,19.0,39.0,15.783333333333333,103,60,1.298910726954436e-07
t2m_pre_vlf,4,5,mannwhitneyu,1781.0,0.6374177438888657,-0.050133333333333335,26.5,31.0,-4.5,125.38,47.653333333333336,50,75,0.669288631083309
t2m_pre_vlf,4,6,mannwhitneyu,2160.0,7.404650221095395e-05,0.44,26.5,9.0,17.5,125.38,15.783333333333333,50,60,0.00015549765464300332
t2m_pre_vlf,5,6,mannwhitneyu,3511.5,2.315096044728203e-08,0.5606666666666666,31.0,9.0,22.0,47.653333333333336,15.783333333333333,75,60,6.077127117411534e-08
age,0,1,mannwhitneyu,1806.0,0.007777393479545177,-0.2624055544210741,69.0,72.0,-3.0,70.04819277108433,73.38983050847457,83,59,0.014847751188222609
age,0,2,mannwhitneyu,4980.0,0.019714998627498002,0.2,69.0,67.0,2.0,70.04819277108433,68.03,83,100,0.029572497941247004
age,0,3,mannwhitneyu,3239.5,0.004521815753049877,-0.24213358287519007,69.0,73.0,-4.0,70.04819277108433,72.6504854368932,83,103,0.009495813081404743
age,0,4,mannwhitneyu,2336.5,0.2245254048644275,0.12602409638554216,69.0,69.0,0.0,70.04819277108433,68.06,83,50,0.282050738530489
age,0,5,mannwhitneyu,2942.5,0.5541508744746406,-0.05461847389558233,69.0,70.0,-1.0,70.04819277108433,70.26666666666667,83,75,0.5818584181983727
age,0,6,mannwhitneyu,1458.5,2.3855113120875363e-05,-0.4142570281124498,69.0,73.0,-4.0,70.04819277108433,74.23333333333333,83,60,0.00010019147510767653
age,1,2,mannwhitneyu,4230.0,4.865405436538058e-06,0.43389830508474575,72.0,67.0,5.0,73.38983050847457,68.03,59,100,3.405783805576641e-05
age,1,3,mannwhitneyu,3134.5,0.7391947475102265,0.03159453677801547,72.0,73.0,-1.0,73.38983050847457,72.6504854368932,59,103,0.7391947475102265
age,1,4,mannwhitneyu,2021.5,0.0008849720973583088,0.3705084745762712,72.0,69.0,3.0,73.38983050847457,68.06,59,50,0.0023230517555655607
age,1,5,mannwhitneyu,2781.0,0.01075821179381625,0.2569491525423729,72.0,70.0,2.0,73.38983050847457,70.26666666666667,59,75,0.01882687063917844
age,1,6,mannwhitneyu,1632.0,0.4641117160099514,-0.07796610169491526,72.0,73.0,-1.0,73.38983050847457,74.23333333333333,59,60,0.5414636686782767
age,2,3,mannwhitneyu,3015.5,3.235540102220013e-07,-0.41446601941747574,67.0,73.0,-6.0,68.03,72.6504854368932,100,103,3.3973171073310137e-06
age,2,4,mannwhitneyu,2340.5,0.5252105836768584,-0.0638,67.0,69.0,-2.0,68.03,68.06,100,50,0.5804959082744224
age,2,5,mannwhitneyu,2724.0,0.001925486556273502,-0.2736,67.0,70.0,-3.0,68.03,70.26666666666667,100,75,0.004492801964638172
age,2,6,mannwhitneyu,1148.5,6.263317665564431e-11,-0.6171666666666666,67.0,73.0,-6.0,68.03,74.23333333333333,100,60,1.3152967097685305e-09
age,3,4,mannwhitneyu,3490.5,0.00036426119079480004,0.3555339805825243,73.0,69.0,4.0,72.6504854368932,68.06,103,50,0.0010927835723844002
age,3,5,mannwhitneyu,4710.0,0.012441122439708921,0.21941747572815534,73.0,70.0,3.0,72.6504854368932,70.26666666666667,103,75,0.0200971977872221
age,3,6,mannwhitneyu,2740.0,0.2283267883342054,-0.11326860841423948,73.0,73.0,0.0,72.6504854368932,74.23333333333333,103,60,0.282050738530489
age,4,5,mannwhitneyu,1577.0,0.13300553662792744,-0.15893333333333334,69.0,70.0,-1.0,68.06,70.26666666666667,50,75,0.18620775127909842
age,4,6,mannwhitneyu,758.5,8.381514226797748e-06,-0.49433333333333335,69.0,73.0,-4.0,68.06,74.23333333333333,50,60,4.400294969068818e-05
age,5,6,mannwhitneyu,1327.0,4.248306550520667e-05,-0.4102222222222222,70.0,73.0,-3.0,70.26666666666667,74.23333333333333,75,60,0.00014869072926822335
weight_kg,0,1,mannwhitneyu,2679.0,0.341022387981054,0.09413926894016746,75.1,70.5,4.599999999999994,76.56385542168674,73.82881355932201,83,59,0.4475918842251334
weight_kg,0,2,mannwhitneyu,5734.0,9.00787555325951e-06,0.3816867469879518,75.1,66.0,9.099999999999994,76.56385542168674,67.18,83,100,2.7023626659778528e-05
weight_kg,0,3,mannwhitneyu,5101.0,0.023615933866172827,0.19335594806410106,75.1,70.0,5.099999999999994,76.56385542168674,71.34660194174755,83,103,0.04508496465360266
weight_kg,0,4,mannwhitneyu,2534.5,0.03298257658046292,0.22144578313253013,75.1,71.0,4.099999999999994,76.56385542168674,70.26799999999999,83,50,0.05327954678382472
weight_kg,0,5,mannwhitneyu,1154.5,9.326120716559529e-12,-0.6290763052208835,75.1,92.0,-16.900000000000006,76.56385542168674,93.456,83,75,3.264142250795835e-11
weight_kg,0,6,mannwhitneyu,2578.0,0.7203573669395449,0.035341365461847386,75.1,75.0,0.09999999999999432,76.56385542168674,74.515,83,60,0.7563752352865222
weight_kg,1,2,mannwhitneyu,3837.0,0.0015695464600400811,0.3006779661016949,70.5,66.0,4.5,73.82881355932201,67.18,59,100,0.003662275073426856
weight_kg,1,3,mannwhitneyu,3244.0,0.4754549751237287,0.06763205529043936,70.5,70.0,0.5,73.82881355932201,71.34660194174755,59,103,0.5255028672420159
weight_kg,1,4,mannwhitneyu,1621.0,0.37619135645450574,0.09898305084745762,70.5,71.0,-0.5,73.82881355932201,70.26799999999999,59,50,0.46470696973791886
weight_kg,1,5,mannwhitneyu,642.5,1.986585713352877e-12,-0.7096045197740113,70.5,92.0,-21.5,73.82881355932201,93.456,59,75,8.343659996082085e-12
weight_kg,1,6,mannwhitneyu,1629.0,0.4551283319458411,-0.07966101694915254,70.5,75.0,-4.5,73.82881355932201,74.515,59,60,0.5255028672420159
weight_kg,2,3,mannwhitneyu,3875.0,0.0023106081616426147,-0.24757281553398058,66.0,70.0,-4.0,67.18,71.34660194174755,100,103,0.004852277139449491
weight_kg,2,4,mannwhitneyu,1959.0,0.031130679819480995,-0.2164,66.0,71.0,-5.0,67.18,70.26799999999999,100,50,0.05327954678382472
weight_kg,2,5,mannwhitneyu,281.0,1.317825413338349e-25,-0.9250666666666667,66.0,92.0,-26.0,67.18,93.456,100,75,2.767433368010533e-24
weight_kg,2,6,mannwhitneyu,1768.0,1.4075815156769208e-05,-0.4106666666666667,66.0,75.0,-9.0,67.18,74.515,100,60,3.694901478651917e-05
weight_kg,3,4,mannwhitneyu,2628.0,0.8381592355285911,0.02058252427184466,70.0,71.0,-1.0,71.34660194174755,70.26799999999999,103,50,0.8381592355285911
weight_kg,3,5,mannwhitneyu,660.0,3.941238436006026e-21,-0.829126213592233,70.0,92.0,-22.0,71.34660194174755,93.456,103,75,4.1383003578063274e-20
weight_kg,3,6,mannwhitneyu,2508.0,0.04531249665720763,-0.1883495145631068,70.0,75.0,-5.0,71.34660194174755,74.515,103,60,0.06796874498581144
weight_kg,4,5,mannwhitneyu,229.5,1.1225077456275199e-16,-0.8776,71.0,92.0,-21.0,70.26799999999999,93.456,50,75,7.85755421939264e-16
weight_kg,4,6,mannwhitneyu,1171.5,0.04891152391197077,-0.219,71.0,75.0,-4.0,70.26799999999999,74.515,50,60,0.06847613347675907
weight_kg,5,6,mannwhitneyu,3952.5,4.7478989304099614e-14,0.7566666666666667,92.0,75.0,17.0,93.456,74.515,75,60,2.4926469384652297e-13
height_m_final,0,1,mannwhitneyu,2032.0,0.08038926671784145,-0.17010414539513988,1.5,1.56,-0.06000000000000005,1.5325301204819275,1.5618644067796612,83,59,0.21764852244551916
height_m_final,0,2,mannwhitneyu,3541.5,0.08291372283638825,-0.14662650602409638,1.5,1.56,-0.06000000000000005,1.5325301204819275,1.555,83,100,0.21764852244551916
height_m_final,0,3,mannwhitneyu,3360.5,0.010940204099863215,-0.21382617850040941,1.5,1.56,-0.06000000000000005,1.5325301204819275,1.5658252427184463,83,103,0.06277116044267132
height_m_final,0,4,mannwhitneyu,1546.0,0.011956411512889776,-0.2549397590361446,1.5,1.57,-0.07000000000000006,1.5325301204819275,1.5807999999999998,83,50,0.06277116044267132
height_m_final,0,5,mannwhitneyu,2185.5,0.0009564354222376084,-0.2978313253012048,1.5,1.58,-0.08000000000000007,1.5325301204819275,1.5864,83,75,0.01004257193349489
height_m_final,0,6,mannwhitneyu,1640.5,0.00040027046807039553,-0.34116465863453815,1.5,1.6,-0.10000000000000009,1.5325301204819275,1.5871666666666664,83,60,0.008405679829478306
height_m_final,1,2,mannwhitneyu,3027.5,0.7825028268919039,0.026271186440677965,1.56,1.56,0.0,1.5618644067796612,1.555,59,100,0.8259634311083247
height_m_final,1,3,mannwhitneyu,2960.5,0.7866318391507854,-0.025670561132137566,1.56,1.56,0.0,1.5618644067796612,1.5658252427184463,59,103,0.8259634311083247
height_m_final,1,4,mannwhitneyu,1362.5,0.4947139534515832,-0.07627118644067797,1.56,1.57,-0.010000000000000009,1.5618644067796612,1.5807999999999998,59,50,0.6882258785598759
height_m_final,1,5,mannwhitneyu,1920.5,0.19009401712242913,-0.1319774011299435,1.56,1.58,-0.020000000000000018,1.5618644067796612,1.5864,59,75,0.332664529964251
height_m_final,1,6,mannwhitneyu,1473.0,0.11385609712881749,-0.16779661016949152,1.56,1.6,-0.040000000000000036,1.5618644067796612,1.5871666666666664,59,60,0.23909780397051675
height_m_final,2,3,mannwhitneyu,4819.0,0.4270719585267324,-0.06427184466019417,1.56,1.56,0.0,1.555,1.5658252427184463,100,103,0.6406079377900986
height_m_final,2,4,mannwhitneyu,2208.5,0.24380367279759574,-0.1166,1.56,1.57,-0.010000000000000009,1.555,1.5807999999999998,100,50,0.3938367022115008
height_m_final,2,5,mannwhitneyu,3064.5,0.03788933678182904,-0.1828,1.56,1.58,-0.020000000000000018,1.555,1.5864,100,75,0.13261267873640165
height_m_final,2,6,mannwhitneyu,2359.5,0.023347742000687167,-0.2135,1.56,1.6,-0.040000000000000036,1.555,1.5871666666666664,100,60,0.0980605164028861
height_m_final,3,4,mannwhitneyu,2413.0,0.5282737170946172,-0.0629126213592233,1.56,1.57,-0.010000000000000009,1.5658252427184463,1.5807999999999998,103,50,0.6882258785598759
height_m_final,3,5,mannwhitneyu,3416.5,0.1871495697241491,-0.11546925566343041,1.56,1.58,-0.020000000000000018,1.5658252427184463,1.5864,103,75,0.332664529964251
height_m_final,3,6,mannwhitneyu,2618.0,0.10336156359915263,-0.15275080906148866,1.56,1.6,-0.040000000000000036,1.5658252427184463,1.5871666666666664,103,60,0.23909780397051675
height_m_final,4,5,mannwhitneyu,1834.5,0.8394144756809923,-0.0216,1.57,1.58,-0.010000000000000009,1.5807999999999998,1.5864,50,75,0.8394144756809923
height_m_final,4,6,mannwhitneyu,1402.0,0.5571352350246614,-0.06533333333333333,1.57,1.6,-0.030000000000000027,1.5807999999999998,1.5871666666666664,50,60,0.6882258785598759
height_m_final,5,6,mannwhitneyu,2169.0,0.7202853497167082,-0.036,1.58,1.6,-0.020000000000000018,1.5864,1.5871666666666664,75,60,0.8259634311083247
imc_final,0,1,mannwhitneyu,2971.5,0.030542024630192413,0.2136001633653257,31.4795918367347,30.35714285714286,1.1224489795918373,32.71229229419445,30.193083982577694,83,59,0.04275883448226938
imc_final,0,2,mannwhitneyu,6082.0,6.152640499849606e-08,0.4655421686746988,31.4795918367347,26.717896396982308,4.7616954397523905,32.71229229419445,27.914921334460487,83,100,2.1534241749473622e-07
imc_final,0,3,mannwhitneyu,5774.5,3.985701736413976e-05,0.35091823605100014,31.4795918367347,28.97264766019829,2.5069441765364076,32.71229229419445,29.073986978494073,83,103,0.00010462467058086687
imc_final,0,4,mannwhitneyu,2950.0,4.8567196430966136e-05,0.42168674698795183,31.4795918367347,28.06668618736994,3.4129056493647596,32.71229229419445,28.299878112352932,83,50,0.00011332345833892099
imc_final,0,5,mannwhitneyu,1820.5,6.892059308591947e-06,-0.4151004016064257,31.4795918367347,37.24277237722509,-5.763180540490389,32.71229229419445,37.35732797777446,83,75,2.067617792577584e-05
imc_final,0,6,mannwhitneyu,3167.5,0.005614944940362639,0.2720883534136546,31.4795918367347,29.639668367346943,1.839923469387756,32.71229229419445,29.582588411904457,83,60,0.009826153645634618
imc_final,1,2,mannwhitneyu,3968.5,0.0002838090031997745,0.3452542372881356,30.35714285714286,26.717896396982308,3.639246460160553,30.193083982577694,27.914921334460487,59,100,0.0005959989067195264
imc_final,1,3,mannwhitneyu,3624.0,0.041732200966466924,0.19269376337008393,30.35714285714286,28.97264766019829,1.3844951969445702,30.193083982577694,29.073986978494073,59,103,0.05155154237034149
imc_final,1,4,mannwhitneyu,1888.5,0.012016352173434471,0.2803389830508475,30.35714285714286,28.06668618736994,2.2904566697729223,30.193083982577694,28.299878112352932,59,50,0.01941103043400953
imc_final,1,5,mannwhitneyu,672.0,5.1130333826532225e-12,-0.696271186440678,30.35714285714286,37.24277237722509,-6.885629520082226,30.193083982577694,37.35732797777446,59,75,2.1474740207143536e-11
imc_final,1,6,mannwhitneyu,1949.0,0.3427457639036189,0.10112994350282486,30.35714285714286,29.639668367346943,0.7174744897959187,30.193083982577694,29.582588411904457,59,60,0.35988305209879984
imc_final,2,3,mannwhitneyu,4230.5,0.028074276483456388,-0.17854368932038836,26.717896396982308,28.97264766019829,-2.254751263215983,27.914921334460487,29.073986978494073,100,103,0.042111414725184586
imc_final,2,4,mannwhitneyu,2377.5,0.6266872586826429,-0.049,26.717896396982308,28.06668618736994,-1.348789790387631,27.914921334460487,28.299878112352932,100,50,0.6266872586826429
imc_final,2,5,mannwhitneyu,658.0,1.1489357933615248e-20,-0.8245333333333333,26.717896396982308,37.24277237722509,-10.52487598024278,27.914921334460487,37.35732797777446,100,75,2.412765166059202e-19
imc_final,2,6,mannwhitneyu,2062.0,0.0009520754140827633,-0.31266666666666665,26.717896396982308,29.639668367346943,-2.9217719703646345,27.914921334460487,29.582588411904457,100,60,0.0018175985177943663
imc_final,3,4,mannwhitneyu,2892.0,0.21826875644695665,0.12310679611650485,28.97264766019829,28.06668618736994,0.905961472828352,29.073986978494073,28.299878112352932,103,50,0.2412444150203205
imc_final,3,5,mannwhitneyu,888.0,1.9332349354522442e-18,-0.7700970873786408,28.97264766019829,37.24277237722509,-8.270124717026796,29.073986978494073,37.35732797777446,103,75,2.0298966822248566e-17
imc_final,3,6,mannwhitneyu,2660.0,0.1394328088862038,-0.13915857605177995,28.97264766019829,29.639668367346943,-0.6670207071486516,29.073986978494073,29.582588411904457,103,60,0.16267161036723776
imc_final,4,5,mannwhitneyu,385.0,6.069647424812286e-14,-0.7946666666666666,28.06668618736994,37.24277237722509,-9.176086189855148,28.299878112352932,37.35732797777446,50,75,3.18656489802645e-13
imc_final,4,6,mannwhitneyu,1148.0,0.034845810730643696,-0.23466666666666666,28.06668618736994,29.639668367346943,-1.5729821799770036,28.299878112352932,29.582588411904457,50,60,0.04573512658396985
imc_final,5,6,mannwhitneyu,3965.5,3.095371097385005e-14,0.7624444444444445,37.24277237722509,29.639668367346943,7.603104009878145,37.35732797777446,29.582588411904457,75,60,2.1667597681695035e-13
bp_systolic,0,1,mannwhitneyu,2841.0,0.10450851274621573,0.1603022258525628,126.0,125.0,1.0,128.710843373494,122.71186440677967,83,59,0.13716742297940815
bp_systolic,0,2,mannwhitneyu,5601.5,4.71584529836743e-05,0.3497590361445783,126.0,120.0,6.0,128.710843373494,118.93,83,100,0.00011003639029524003
bp_systolic,0,3,mannwhitneyu,1251.5,1.1967118754029924e-16,-0.7072172183881156,126.0,147.0,-21.0,128.710843373494,149.4757281553398,83,103,8.376983127820948e-16
bp_systolic,0,4,mannwhitneyu,1839.5,0.2746877730668632,-0.11349397590361446,126.0,129.5,-3.5,128.710843373494,129.58,83,50,0.28984939298635826
bp_systolic,0,5,mannwhitneyu,2576.5,0.06213376552824005,-0.17220883534136547,126.0,133.0,-7.0,128.710843373494,132.4,83,75,0.08698727173953606
bp_systolic,0,6,mannwhitneyu,2861.5,0.12884525484427278,0.14919678714859438,126.0,123.5,2.5,128.710843373494,123.58333333333333,83,60,0.15916178539586637
bp_systolic,1,2,mannwhitneyu,3324.0,0.18276184990597644,0.12677966101694915,125.0,120.0,5.0,122.71186440677967,118.93,59,100,0.21322215822363919
bp_systolic,1,3,mannwhitneyu,791.0,5.128582729013125e-15,-0.7396741813394767,125.0,147.0,-22.0,122.71186440677967,149.4757281553398,59,103,2.6925059327318908e-14
bp_systolic,1,4,mannwhitneyu,1145.5,0.04531069434661813,-0.22338983050847458,125.0,129.5,-4.5,122.71186440677967,129.58,59,50,0.0679660415199272
bp_systolic,1,5,mannwhitneyu,1528.0,0.002164591714711304,-0.3093785310734463,125.0,133.0,-8.0,122.71186440677967,132.4,59,75,0.004132402364448853
bp_systolic,1,6,mannwhitneyu,1738.5,0.8690539230710492,-0.017796610169491526,125.0,123.5,1.5,122.71186440677967,123.58333333333333,59,60,0.8690539230710492
bp_systolic,2,3,mannwhitneyu,325.0,9.069616244437649e-31,-0.9368932038834952,120.0,147.0,-27.0,118.93,149.4757281553398,100,103,1.9046194113319063e-29
bp_systolic,2,4,mannwhitneyu,1285.0,1.2672867039941315e-06,-0.486,120.0,129.5,-9.5,118.93,129.58,100,50,3.3266275979845954e-06
bp_systolic,2,5,mannwhitneyu,1868.0,1.3864387888120466e-08,-0.5018666666666667,120.0,133.0,-13.0,118.93,132.4,100,75,4.15931636643614e-08
bp_systolic,2,6,mannwhitneyu,2345.0,0.020988042033254842,-0.21833333333333332,120.0,123.5,-3.5,118.93,123.58333333333333,100,60,0.03390376020756551
bp_systolic,3,4,mannwhitneyu,4491.5,8.869470194333226e-14,0.7442718446601941,147.0,129.5,17.5,149.4757281553398,129.58,103,50,3.725177481619955e-13
bp_systolic,3,5,mannwhitneyu,6088.0,5.4881271396993585e-11,0.5761812297734628,147.0,133.0,14.0,149.4757281553398,132.4,103,75,1.9208444988947755e-10
bp_systolic,3,6,mannwhitneyu,5781.0,2.027923323430382e-20,0.870873786407767,147.0,123.5,23.5,149.4757281553398,123.58333333333333,103,60,2.129319489601901e-19
bp_systolic,4,5,mannwhitneyu,1658.5,0.2760470409393888,-0.11546666666666666,129.5,133.0,-3.5,129.58,132.4,50,75,0.28984939298635826
bp_systolic,4,6,mannwhitneyu,1926.5,0.01049829167570388,0.2843333333333333,129.5,123.5,6.0,129.58,123.58333333333333,50,60,0.01837201043248179
bp_systolic,5,6,mannwhitneyu,3022.5,0.0006254042836276797,0.3433333333333333,133.0,123.5,9.5,132.4,123.58333333333333,75,60,0.0013133489956181274
bp_diastolic,0,1,mannwhitneyu,3245.5,0.00096643943526697,0.32550541147641415,76.0,72.0,4.0,77.13253012048193,71.2542372881356,83,59,0.0020295228140606372
bp_diastolic,0,2,mannwhitneyu,4688.0,0.13146211816666084,0.12963855421686746,76.0,74.0,2.0,77.13253012048193,74.84,83,100,0.17254403009374236
bp_diastolic,0,3,mannwhitneyu,3171.5,0.002500666660359338,-0.2580418762428354,76.0,81.0,-5.0,77.13253012048193,81.79611650485437,83,103,0.004376166655628842
bp_diastolic,0,4,mannwhitneyu,1390.5,0.0014732210678924209,-0.32987951807228916,76.0,81.5,-5.5,77.13253012048193,81.78,83,50,0.0028125129477946215
bp_diastolic,0,5,mannwhitneyu,2479.5,0.027524962319032505,-0.20337349397590362,76.0,81.0,-5.0,77.13253012048193,80.26666666666667,83,75,0.04128744347854876
bp_diastolic,0,6,mannwhitneyu,2960.0,0.054570113905600424,0.18875502008032127,76.0,73.0,3.0,77.13253012048193,73.98333333333333,83,60,0.07639815946784059
bp_diastolic,1,2,mannwhitneyu,2293.0,0.01911620619407642,-0.22271186440677967,72.0,74.0,-2.0,71.2542372881356,74.84,59,100,0.030880025390431137
bp_diastolic,1,3,mannwhitneyu,1408.5,1.3757712799581729e-08,-0.5364489057100543,72.0,81.0,-9.0,71.2542372881356,81.79611650485437,59,103,1.4445598439560817e-07
bp_diastolic,1,4,mannwhitneyu,519.0,6.065562967373782e-09,-0.648135593220339,72.0,81.5,-9.5,71.2542372881356,81.78,59,50,1.2737682231484943e-07
bp_diastolic,1,5,mannwhitneyu,1120.5,9.832180632781546e-07,-0.4935593220338983,72.0,81.0,-9.0,71.2542372881356,80.26666666666667,59,75,5.161894832210312e-06
bp_diastolic,1,6,mannwhitneyu,1510.5,0.16830103207686664,-0.14661016949152542,72.0,73.0,-1.0,71.2542372881356,73.98333333333333,59,60,0.20790127491848232
bp_diastolic,2,3,mannwhitneyu,3142.5,1.5843717826507355e-06,-0.38980582524271845,74.0,81.0,-7.0,74.84,81.79611650485437,100,103,6.65436148713309e-06
bp_diastolic,2,4,mannwhitneyu,1263.5,8.143533635314895e-07,-0.4946,74.0,81.5,-7.5,74.84,81.78,100,50,5.161894832210312e-06
bp_diastolic,2,5,mannwhitneyu,2523.0,0.00021455619893371398,-0.3272,74.0,81.0,-7.0,74.84,80.26666666666667,100,75,0.0005632100222009993
bp_diastolic,2,6,mannwhitneyu,3207.5,0.4651910978577597,0.06916666666666667,74.0,73.0,1.0,74.84,73.98333333333333,100,60,0.5141585818427871
bp_diastolic,3,4,mannwhitneyu,2484.5,0.7258935880406152,-0.03514563106796117,81.0,81.5,-0.5,81.79611650485437,81.78,103,50,0.7258935880406152
bp_diastolic,3,5,mannwhitneyu,4056.0,0.5693481069794379,0.05009708737864078,81.0,81.0,0.0,81.79611650485437,80.26666666666667,103,75,0.5978155123284099
bp_diastolic,3,6,mannwhitneyu,4324.0,2.158853375181944e-05,0.39935275080906146,81.0,73.0,8.0,81.79611650485437,73.98333333333333,103,60,6.476560125545832e-05
bp_diastolic,4,5,mannwhitneyu,2026.5,0.4463397624198209,0.0808,81.5,81.0,0.5,81.78,80.26666666666667,50,75,0.5141585818427871
bp_diastolic,4,6,mannwhitneyu,2234.5,1.0371682211448951e-05,0.48966666666666664,81.5,73.0,8.5,81.78,73.98333333333333,50,60,3.630088774007133e-05
bp_diastolic,5,6,mannwhitneyu,3029.5,0.0005564201532435168,0.34644444444444444,81.0,73.0,8.0,80.26666666666667,73.98333333333333,75,60,0.0012983136909015393
bp_pam,0,1,mannwhitneyu,3153.5,0.0035351641744552032,0.28793138656320194,92.66666666666669,88.66666666666667,4.000000000000014,94.32530120481927,88.40677966101696,83,59,0.005302746261682805
bp_pam,0,2,mannwhitneyu,5218.0,0.002764438204955354,0.25734939759036146,92.66666666666669,89.5,3.1666666666666856,94.32530120481927,89.53666666666668,83,100,0.004465630946466341
bp_pam,0,3,mannwhitneyu,2059.0,1.285375964289748e-09,-0.5183062346473272,92.66666666666669,104.0,-11.333333333333314,94.32530120481927,104.35598705501619,83,103,6.748223812521177e-09
bp_pam,0,4,mannwhitneyu,1477.0,0.005503858460974705,-0.28819277108433733,92.66666666666669,98.33333333333334,-5.666666666666657,94.32530120481927,97.71333333333334,83,50,0.007705401845364587
bp_pam,0,5,mannwhitneyu,2441.0,0.01945124801378768,-0.2157429718875502,92.66666666666669,98.33333333333331,-5.666666666666629,94.32530120481927,97.64444444444445,83,75,0.02552976301809633
bp_pam,0,6,mannwhitneyu,3012.0,0.03286864571819268,0.20963855421686747,92.66666666666669,90.0,2.6666666666666856,94.32530120481927,90.51666666666667,83,60,0.040602444710708605
bp_pam,1,2,mannwhitneyu,2777.0,0.5384693984951119,-0.05864406779661017,88.66666666666667,89.5,-0.8333333333333286,88.40677966101696,89.53666666666668,59,100,0.567834543619406
bp_pam,1,3,mannwhitneyu,919.0,1.62849535014009e-13,-0.6975481323021228,88.66666666666667,104.0,-15.333333333333329,88.40677966101696,104.35598705501619,59,103,1.7099201176470947e-12
bp_pam,1,4,mannwhitneyu,720.0,4.440616090205278e-06,-0.511864406779661,88.66666666666667,98.33333333333334,-9.666666666666671,88.40677966101696,97.71333333333334,59,50,1.2526322463536118e-05
bp_pam,1,5,mannwhitneyu,1191.5,4.771932367061378e-06,-0.46146892655367233,88.66666666666667,98.33333333333331,-9.666666666666643,88.40677966101696,97.64444444444445,59,75,1.2526322463536118e-05
bp_pam,1,6,mannwhitneyu,1578.5,0.3099128764565271,-0.10819209039548022,88.66666666666667,90.0,-1.3333333333333286,88.40677966101696,90.51666666666667,59,60,0.36156502253261497
bp_pam,2,3,mannwhitneyu,1424.5,5.448927935601985e-19,-0.7233980582524272,89.5,104.0,-14.5,89.53666666666668,104.35598705501619,100,103,1.144274866476417e-17
bp_pam,2,4,mannwhitneyu,1109.5,2.980911740578444e-08,-0.5562,89.5,98.33333333333334,-8.833333333333343,89.53666666666668,97.71333333333334,100,50,1.2519829310429465e-07
bp_pam,2,5,mannwhitneyu,2056.0,3.277035011589104e-07,-0.4517333333333333,89.5,98.33333333333331,-8.833333333333314,89.53666666666668,97.64444444444445,100,75,1.1469622540561865e-06
bp_pam,2,6,mannwhitneyu,2826.0,0.5407948034470533,-0.058,89.5,90.0,-0.5,89.53666666666668,90.51666666666667,100,60,0.567834543619406
bp_pam,3,4,mannwhitneyu,3513.0,0.0002650173027403903,0.3642718446601942,104.0,98.33333333333334,5.666666666666657,104.35598705501619,97.71333333333334,103,50,0.0005059421234134724
bp_pam,3,5,mannwhitneyu,5080.5,0.00033432269057573057,0.31533980582524274,104.0,98.33333333333331,5.666666666666686,104.35598705501619,97.64444444444445,103,75,0.0005850647085075285
bp_pam,3,6,mannwhitneyu,5206.0,3.3364376225880923e-13,0.684789644012945,104.0,90.0,14.0,104.35598705501619,90.51666666666667,103,60,2.335506335811665e-12
bp_pam,4,5,mannwhitneyu,1834.0,0.8382433485864329,-0.021866666666666666,98.33333333333334,98.33333333333331,2.842170943040401e-14,97.71333333333334,97.64444444444445,50,75,0.8382433485864329
bp_pam,4,6,mannwhitneyu,2247.5,7.278573433013273e-06,0.49833333333333335,98.33333333333334,90.0,8.333333333333343,97.71333333333334,90.51666666666667,50,60,1.6983338010364303e-05
bp_pam,5,6,mannwhitneyu,3160.5,5.5711602136946047e-05,0.4046666666666667,98.33333333333331,90.0,8.333333333333314,97.64444444444445,90.51666666666667,75,60,0.0001169943644875867
bp_pp,0,1,mannwhitneyu,2465.0,0.9471664022158114,0.006738819685521748,48.0,52.0,-4.0,51.57831325301205,51.45762711864407,83,59,0.9471664022158114
bp_pp,0,2,mannwhitneyu,5425.0,0.00034970687237321113,0.3072289156626506,48.0,45.5,2.5,51.57831325301205,44.09,83,100,0.0009179805399796792
bp_pp,0,3,mannwhitneyu,1500.5,2.9238756579045595e-14,-0.6489647912036496,48.0,67.0,-19.0,51.57831325301205,67.67961165048544,83,103,1.5350347203998937e-13
bp_pp,0,4,mannwhitneyu,2428.5,0.10080343186203983,0.17036144578313253,48.0,47.5,0.5,51.57831325301205,47.8,83,50,0.16589488942013447
bp_pp,0,5,mannwhitneyu,3029.5,0.7737974704632485,-0.02666666666666667,48.0,50.0,-2.0,51.57831325301205,52.13333333333333,83,75,0.820045172740682
bp_pp,0,6,mannwhitneyu,2680.5,0.4367193555199709,0.07650602409638554,48.0,49.0,-1.0,51.57831325301205,49.6,83,60,0.5394768509364346
bp_pp,1,2,mannwhitneyu,3802.0,0.0023826027370617247,0.2888135593220339,52.0,45.5,6.5,51.45762711864407,44.09,59,100,0.005559406386477358
bp_pp,1,3,mannwhitneyu,1248.5,4.6246604336333865e-10,-0.5891064670067467,52.0,67.0,-15.0,51.45762711864407,67.67961165048544,59,103,1.6186311517716854e-09
bp_pp,1,4,mannwhitneyu,1682.5,0.20772103664275976,0.14067796610169492,52.0,47.5,4.5,51.45762711864407,47.8,59,50,0.31158155496413964
bp_pp,1,5,mannwhitneyu,2150.0,0.7809954026101733,-0.02824858757062147,52.0,50.0,2.0,51.45762711864407,52.13333333333333,59,75,0.820045172740682
bp_pp,1,6,mannwhitneyu,1904.0,0.4777623913632185,0.07570621468926554,52.0,49.0,3.0,51.45762711864407,49.6,59,60,0.5573894565904216
bp_pp,2,3,mannwhitneyu,543.5,3.3712434528261144e-28,-0.8944660194174757,45.5,67.0,-21.5,44.09,67.67961165048544,100,103,7.07961125093484e-27
bp_pp,2,4,mannwhitneyu,2090.5,0.1026968363077023,-0.1638,45.5,47.5,-2.0,44.09,47.8,100,50,0.16589488942013447
bp_pp,2,5,mannwhitneyu,2442.0,7.973588109703498e-05,-0.3488,45.5,50.0,-4.5,44.09,52.13333333333333,100,75,0.00023920764329110494
bp_pp,2,6,mannwhitneyu,2295.0,0.012968115428218416,-0.235,45.5,49.0,-3.5,44.09,49.6,100,60,0.027233042399258674
bp_pp,3,4,mannwhitneyu,4636.0,1.067732355749393e-15,0.8003883495145631,67.0,47.5,19.5,67.67961165048544,47.8,103,50,1.1211189735368628e-14
bp_pp,3,5,mannwhitneyu,6343.5,2.6678290078343986e-13,0.6423300970873786,67.0,50.0,17.0,67.67961165048544,52.13333333333333,103,75,1.1204881832904475e-12
bp_pp,3,6,mannwhitneyu,5366.0,4.775492957051125e-15,0.7365695792880259,67.0,49.0,18.0,67.67961165048544,49.6,103,60,3.342845069935788e-14
bp_pp,4,5,mannwhitneyu,1498.0,0.05763115856598523,-0.20106666666666667,47.5,50.0,-2.5,47.8,52.13333333333333,50,75,0.11002312089869908
bp_pp,4,6,mannwhitneyu,1361.5,0.40700306026894684,-0.09233333333333334,47.5,49.0,-1.5,47.8,49.6,50,60,0.5341915166029928
bp_pp,5,6,mannwhitneyu,2517.0,0.23772263579474762,0.11866666666666667,50.0,49.0,1.0,52.13333333333333,49.6,75,60,0.33281169011264666
